﻿{"cameraMode":{"drawMode":0,"name":"Shaded","section":"Shading Mode"},"sceneLighting":false,"audioPlay":false,"sceneViewState":{"showFog":true,"showMaterialUpdate":false,"showSkybox":false,"showFlares":true,"showImageEffects":true,"showParticleSystems":true},"in2DMode":false,"pivot":{"x":-0.20810198783874513,"y":0.7972157001495361,"z":-0.35024356842041018},"rotation":{"x":-0.08717229217290878,"y":0.8995905518531799,"z":-0.21045254170894624,"w":-0.37262260913848879},"size":2.2331929206848146,"orthographic":false}